Workbook

Sheet 表紙
B3: youstore テスト仕様書
B4: 機能テスト（PHPUnit）・E2Eテスト（Playwright）
B7: システム名 | C7: youstore（https://youstore.info）
B8: 版数 | C8: 1.0
B9: 作成日 | C9: 46294
B10: 作成者
B11: 対象バージョン | C11: main ブランチ コミット 3ec2deb
B12: テスト実施日 | C12: 46294
B15: 改訂履歴
B16: 版数 | C16: 改訂内容 | D16: 改訂日 | E16: 改訂者
B17: 1.0 | C17: 初版作成 | D17: 46294

Sheet 概要・集計
B2: 1. テストの種類
B3: 種類 | C3: ツール | D3: 件数 | E3: 内容
B4: 機能テスト | C4: PHPUnit | D4: =COUNTA(機能テスト!A2:A203) -> 202 | E4: URLにリクエストを送り、サーバー側（Laravel）の処理・DB・メール・権限を確認する。ブラウザは使わない。
B5: E2Eテスト | C5: Playwright | D5: =COUNTA(E2Eテスト!A2:A7) -> 6 | E5: 実際のブラウザ（Chromium）で画面を操作し、主要な業務の流れを最後まで確認する。
B7: 2. 結果集計
B8: 区分 | C8: 件数 | D8: OK | E8: NG | F8: スキップ | G8: 未実施 | H8: 合格率
B9: 機能テスト：ショップ | C9: =COUNTIF(機能テスト!$B$2:$B$203,"ショップ") -> 45 | D9: =COUNTIFS(機能テスト!$B$2:$B$203,"ショップ",機能テスト!$H$2:$H$203,"OK") -> 45 | E9: =COUNTIFS(機能テスト!$B$2:$B$203,"ショップ",機能テスト!$H$2:$H$203,"NG") -> 0 | F9: =COUNTIFS(機能テスト!$B$2:$B$203,"ショップ",機能テスト!$H$2:$H$203,"スキップ") -> 0 | G9: =COUNTIFS(機能テスト!$B$2:$B$203,"ショップ",機能テスト!$H$2:$H$203,"未実施") -> 0 | H9: =IFERROR(D9/C9,0) -> 1
B10: 機能テスト：会員 | C10: =COUNTIF(機能テスト!$B$2:$B$203,"会員") -> 32 | D10: =COUNTIFS(機能テスト!$B$2:$B$203,"会員",機能テスト!$H$2:$H$203,"OK") -> 32 | E10: =COUNTIFS(機能テスト!$B$2:$B$203,"会員",機能テスト!$H$2:$H$203,"NG") -> 0 | F10: =COUNTIFS(機能テスト!$B$2:$B$203,"会員",機能テスト!$H$2:$H$203,"スキップ") -> 0 | G10: =COUNTIFS(機能テスト!$B$2:$B$203,"会員",機能テスト!$H$2:$H$203,"未実施") -> 0 | H10: =IFERROR(D10/C10,0) -> 1
B11: 機能テスト：管理画面 | C11: =COUNTIF(機能テスト!$B$2:$B$203,"管理画面") -> 118 | D11: =COUNTIFS(機能テスト!$B$2:$B$203,"管理画面",機能テスト!$H$2:$H$203,"OK") -> 118 | E11: =COUNTIFS(機能テスト!$B$2:$B$203,"管理画面",機能テスト!$H$2:$H$203,"NG") -> 0 | F11: =COUNTIFS(機能テスト!$B$2:$B$203,"管理画面",機能テスト!$H$2:$H$203,"スキップ") -> 0 | G11: =COUNTIFS(機能テスト!$B$2:$B$203,"管理画面",機能テスト!$H$2:$H$203,"未実施") -> 0 | H11: =IFERROR(D11/C11,0) -> 1
B12: 機能テスト：共通 | C12: =COUNTIF(機能テスト!$B$2:$B$203,"共通") -> 7 | D12: =COUNTIFS(機能テスト!$B$2:$B$203,"共通",機能テスト!$H$2:$H$203,"OK") -> 7 | E12: =COUNTIFS(機能テスト!$B$2:$B$203,"共通",機能テスト!$H$2:$H$203,"NG") -> 0 | F12: =COUNTIFS(機能テスト!$B$2:$B$203,"共通",機能テスト!$H$2:$H$203,"スキップ") -> 0 | G12: =COUNTIFS(機能テスト!$B$2:$B$203,"共通",機能テスト!$H$2:$H$203,"未実施") -> 0 | H12: =IFERROR(D12/C12,0) -> 1
B13: E2Eテスト | C13: =COUNTA(E2Eテスト!$A$2:$A$7) -> 6 | D13: =COUNTIF(E2Eテスト!$G$2:$G$7,"OK") -> 6 | E13: =COUNTIF(E2Eテスト!$G$2:$G$7,"NG") -> 0 | F13: =COUNTIF(E2Eテスト!$G$2:$G$7,"スキップ") -> 0 | G13: =COUNTIF(E2Eテスト!$G$2:$G$7,"未実施") -> 0 | H13: =IFERROR(D13/C13,0) -> 1
B14: 合計 | C14: =SUM(C9:C13) -> 208 | D14: =SUM(D9:D13) -> 208 | E14: =SUM(E9:E13) -> 0 | F14: =SUM(F9:F13) -> 0 | G14: =SUM(G9:G13) -> 0 | H14: =IFERROR(D14/C14,0) -> 1
B15: ※ 件数・合格率は各シートの「結果」列から自動で集計されます。
B17: 3. 実行環境と実行方法
B18: 実行環境 | C18: 開発環境（Docker：PHP 8.3 / MySQL 8.0 / Redis / Mailpit）
B19: 機能テストのDB | C19: SQLite（メモリ上）。テストごとに作り直す
B20: E2EテストのDB | C20: 専用DB laravel_e2e。実行ごとにシードデータへ初期化する
B21: E2Eのアクセス先 | C21: http://localhost:8090（E2E専用サーバー）
B22: 機能テストの実行 | C22: docker compose exec app php artisan test
B23: カバレッジの出力 | C23: docker compose exec app php artisan test --coverage-html=coverage → src/coverage/index.html
B24: E2Eテストの実行 | C24: cd e2e → npm.cmd test（画面を見ながら：npm.cmd run test:ui）
B25: カバレッジ | C25: 機能テストで src/app のコード 100%（2026/09/29 時点）
B27: 4. 記入方法
C28: 見出しが金色の列（結果・実施日・備考）は、再テスト時に記入・更新する列です。
C29: 薄い黄色のセルは未記入の入力欄です（表紙の作成者など）。
C30: 「結果」は OK / NG / スキップ / 未実施 から選択します。NG は赤、OK は緑で表示されます。
C31: 記入例：結果「OK」、実施日「2026/09/29」、備考「本番反映前に再実施」

Sheet 機能テスト
A1: No | B1: 大分類 | C1: 中分類 | D1: テストケース（確認内容） | E1: 操作（対象URL） | F1: 主な検証項目 | G1: テストファイル | H1: 結果 | I1: 実施日 | J1: 備考
A2: 1 | B2: ショップ | C2: 店舗・静的ページ・言語 | D2: トップページが正常に表示される | E2: GET / | F2: ステータス200 | G2: src/tests/Feature/ExampleTest.php | H2: OK | I2: 46294
A3: 2 | B3: ショップ | C3: 店舗・静的ページ・言語 | D3: トップページには公開中の店舗だけが名前順に表示される | E3: GET / | F3: 画面コンポーネントと表示データ、ステータス200 | G3: src/tests/Feature/StorefrontTest.php | H3: OK | I3: 46294
A4: 3 | B4: ショップ | C4: 店舗・静的ページ・言語 | D4: 店舗ページには公開中の商品だけが並び順どおりに表示される | E4: GET /shops/{shop} | F4: 画面コンポーネントと表示データ、ステータス200 | G4: src/tests/Feature/StorefrontTest.php | H4: OK | I4: 46294
A5: 4 | B5: ショップ | C5: 店舗・静的ページ・言語 | D5: 店舗ページで商品名を検索できる | E5: GET /shops/{shop} | F5: 画面コンポーネントと表示データ、ステータス200 | G5: src/tests/Feature/StorefrontTest.php | H5: OK | I5: 46294
A6: 5 | B6: ショップ | C6: 店舗・静的ページ・言語 | D6: 店舗ページに注文完了などのお知らせが表示される | E6: GET /shops/{shop} | F6: 画面コンポーネントと表示データ | G6: src/tests/Feature/StorefrontTest.php | H6: OK | I6: 46294
A7: 6 | B7: ショップ | C7: 店舗・静的ページ・言語 | D7: 非公開の店舗ページは404になる | E7: GET /shops/{shop} | F7: 404 | G7: src/tests/Feature/StorefrontTest.php | H7: OK | I7: 46294
A8: 7 | B8: ショップ | C8: 店舗・静的ページ・言語 | D8: フッターの静的ページが表示される | E8: GET /pages/{slug} | F8: 画面コンポーネントと表示データ、ステータス200 | G8: src/tests/Feature/StorefrontTest.php | H8: OK | I8: 46294
A9: 8 | B9: ショップ | C9: 店舗・静的ページ・言語 | D9: 存在しない静的ページは404になる | E9: GET /pages/unknown | F9: 404 | G9: src/tests/Feature/StorefrontTest.php | H9: OK | I9: 46294
A10: 9 | B10: ショップ | C10: 店舗・静的ページ・言語 | D10: 表示言語を切り替えるとクッキーに保存される | E10: POST /locale | F10: リダイレクト先、Cookie | G10: src/tests/Feature/StorefrontTest.php | H10: OK | I10: 46294
A11: 10 | B11: ショップ | C11: 店舗・静的ページ・言語 | D11: 未対応の言語には切り替えられない | E11: POST /locale | F11: 入力エラー、Cookie | G11: src/tests/Feature/StorefrontTest.php | H11: OK | I11: 46294
A12: 11 | B12: ショップ | C12: 商品ページ | D12: 公開中の商品ページが表示される | E12: GET /shops/{shop}/products/{product} | F12: 画面コンポーネントと表示データ、ステータス200 | G12: src/tests/Feature/ProductPageTest.php | H12: OK | I12: 46294
A13: 12 | B13: ショップ | C13: 商品ページ | D13: 在庫切れの商品ページも表示される | E13: GET /shops/{shop}/products/{product} | F13: 画面コンポーネントと表示データ、ステータス200、在庫数 | G13: src/tests/Feature/ProductPageTest.php | H13: OK | I13: 46294
... A203: 202 | B203: 共通 | C203: サンプル（Unitテスト） | D203: trueはtrueである | E203: （クラス・モデルを直接呼び出し） | F203: 戻り値・関連データの値 | G203: src/tests/Unit/ExampleTest.php | H203: OK | I203: 46294

Sheet E2Eテスト
A1: No | B1: シナリオ | C1: 前提条件 | D1: 手順 | E1: 期待結果 | F1: テストファイル | G1: 結果 | H1: 実施日 | I1: 備考
A2: 1 | B2: お客様が商品をカートに入れ、ログインして注文できる | C2: ・シード済みデータ（店舗「Shop1」、商品「りんご」¥300・在庫50） ・会員 test@example.com / password ・未ログイン状態 | D2: 1. トップページで「Shop1」を開く 2. 「りんご」の商品ページで注文個数に2を入力し「カートに追加する」を押す 3. カートで「ログインして注文する」を押す 4. 会員のメールアドレスとパスワードでログインする 5. カートを開き「注文する」を押し、確認ダイアログで OK を押す 6. カート・商品ページ・ダッシュボードを開く | E2: ・2の後「カートに追加しました。」と表示され、合計金額 ¥600 が表示される ・未ログインのカートには「注文する」ボタンが無く、ログイン案内が表示される ・ログイン後もカートの中身が残っている ・確認ダイアログの文言が「この内容で注文しますか？」である ・注文後、店舗ページに「ご注文ありがとうございます。（注文番号：n）」が表示される ・カートが空になり、りんごの在庫が48点になる ・ダッシュボードの注文履歴に Shop1 の注文が表示される | F2: e2e/tests/01-shopping.spec.ts | G2: OK | H2: 46294
A3: 2 | B3: カートから商品を削除できる | C3: ・シード済みデータ（店舗「Shop1」、商品「トマト」） | D3: 1. 「トマト」を1個カートに追加する 2. カートで「削除」を押し、確認ダイアログで OK を押す | E3: ・「カートに商品がありません。」と表示される | F3: e2e/tests/01-shopping.spec.ts | G3: OK | H3: 46294
A4: 3 | B4: 店舗ページで商品名を検索できる | C4: ・シード済みデータ（店舗「Shop1」に「りんご」「トマト」） | D4: 1. 「Shop1」の店舗ページを開く 2. 「商品名」欄に「りんご」と入力し「検索」を押す | E4: ・検索前は「トマト」が表示されている ・検索後は「りんご」だけが表示され、「トマト」は表示されない | F4: e2e/tests/01-shopping.spec.ts | G4: OK | H4: 46294
A5: 4 | B5: 誤った確認コードでは管理画面にログインできない | C5: ・スーパー管理者 admin@example.com / password ・Mailpit でメールを受信できること | D5: 1. 管理画面ログインでメールアドレスとパスワードを入力し「ログイン」を押す 2. 届いた確認コードとは異なる6桁の数字を入力し「確認する」を押す | E5: ・確認コード入力画面に移り、確認コードのメールが届く ・「確認コードが正しくないか、有効期限が切れています。」と表示され、ログインできない | F5: e2e/tests/02-admin-orders.spec.ts | G5: OK | H5: 46294
A6: 5 | B6: 店舗管理者が注文をキャンセルすると在庫が戻る | C6: ・シード済みデータ（店舗「Shop1」、商品「にんじん」在庫100） ・会員 test@example.com、店舗管理者 shop1@example.com ・Mailpit でメールを受信できること | D6: 1. 会員でログインし、「にんじん」を3個注文する 2. 完了メッセージから注文番号を控え、商品ページで在庫を確認する 3. 店舗管理者で管理画面にログインする（メールで届いた確認コードを入力） 4. 注文一覧で控えた注文番号を確認し、その注文の詳細を開く 5. 「キャンセル」を押し、確認ダイアログで OK を押す 6. お客様側の商品ページを再読み込みする | E6: ・注文後の在庫が97点になる ・注文一覧と注文詳細に対象の注文（にんじん）が表示される ・確認ダイアログの文言が「この注文を「キャンセル」にしますか？」である ・「注文のステータスを更新しました。」と表示される ・在庫が100点に戻る | F6: e2e/tests/02-admin-orders.spec.ts | G6: OK | H6: 46294
A7: 6 | B7: 店舗管理者が画像付きで商品を登録すると店舗ページに表示される | C7: ・店舗管理者 shop1@example.com ・Mailpit でメールを受信できること | D7: 1. 店舗管理者で管理画面にログインし、商品の新規登録画面を開く 2. 商品名・商品画像（PNG）・価格980円・在庫数12を入力し「登録する」を押す 3. お客様側の「Shop1」店舗ページを開く | E7: ・商品一覧に戻り「商品を登録しました。」と登録した商品名が表示される ・店舗ページに登録した商品が表示される ・商品画像が読み込まれて表示される（画像の幅が0より大きい） | F7: e2e/tests/03-admin-products.spec.ts | G7: OK | H7: 46294
